{"n": 30, "langgraph": {"times": [4.034065008163452, 3.7843430042266846, 4.067728281021118, 4.717428922653198, 5.731829404830933, 3.8919260501861572, 4.207552909851074, 4.190361261367798, 3.68507981300354, 3.741203784942627, 5.648066997528076, 4.229088068008423, 4.607964992523193, 3.58483624458313, 4.299912929534912, 4.421427965164185, 5.410800933837891, 4.509225130081177, 3.68746018409729, 3.9150052070617676, 3.8019521236419678, 4.359478950500488, 3.536458969116211, 4.553412675857544, 4.608195066452026, 3.58378005027771, 8.660407066345215, 5.47444486618042, 4.15519905090332, 3.5210530757904053], "errors": 0}, "adk": {"times": [10.550939798355103, 13.710201740264893, 10.044113159179688, 10.112458944320679, 11.050910949707031, 10.129190921783447, 11.711632013320923, 10.802714824676514, 7.667062997817993, 7.366955041885376, 9.781265020370483, 10.991685152053833, 9.429378032684326, 10.010272741317749, 7.776078224182129, 8.595864057540894, 14.516006231307983, 10.122096061706543, 9.102753162384033, 9.821939945220947, 12.415437936782837, 9.481682777404785, 11.143275022506714, 9.941771984100342, 9.217587947845459, 9.700269937515259, 10.349730014801025, 10.640984058380127, 9.418904781341553, 9.514671802520752], "errors": 0}}